{
  "id": "trigger_point",
  "name": "Trigger Point",
  "layouts": {
    "default_transform": {
      "name": "default_transform",
      "layout": [
        { "row": 0, "col":  0, "x":     5, "y":  0.25 },
        { "row": 0, "col":  1, "x":     4, "y": 0.125 },
        { "row": 0, "col":  2, "x":     3, "y":     0 },
        { "row": 0, "col":  3, "x":     2, "y": 0.125 },
        { "row": 0, "col":  4, "x":     1, "y": 0.375 },
        { "row": 0, "col":  5, "x":     0, "y": 0.375 },
        { "row": 0, "col":  6, "x":  6.5, "y": 0, "r":  0, "rx":  -0.5, "ry": 2.75 },
        { "row": 0, "col":  7, "x":  9.5, "y": 0, "r": 0, "rx":  11.75, "ry": 12 },
        { "row": 0, "col":  8, "x":     11, "y":  0.25 },
        { "row": 0, "col":  9, "x":    12, "y": 0.125 },
        { "row": 0, "col": 10, "x":    13, "y":     0 },
        { "row": 0, "col": 11, "x":    14, "y": 0.125 },
        { "row": 0, "col": 12, "x":    15, "y": 0.375 },
        { "row": 0, "col": 13, "x":    16, "y": 0.375 },
      
        { "row": 1, "col":  0, "x":     5, "y":  1.25 },
        { "row": 1, "col":  1, "x":     4, "y": 1.125 },
        { "row": 1, "col":  2, "x":     3, "y":     1 },
        { "row": 1, "col":  3, "x":     2, "y": 1.125 },
        { "row": 1, "col":  4, "x":     1, "y": 1.375 },
        { "row": 1, "col":  5, "x":     0, "y": 1.375 },
        
        { "row": 1, "col":  8, "x":     11, "y":  1.25 },
        { "row": 1, "col":  9, "x":    12, "y": 1.125 },
        { "row": 1, "col":  10, "x":    13, "y":     1 },
        { "row": 1, "col": 11, "x":    14, "y": 1.125 },
        { "row": 1, "col": 12, "x":    15, "y": 1.375 },
        { "row": 1, "col": 13, "x":    16, "y": 1.375 },
      
        { "row": 2, "col":  0, "x":     0, "y": 2.375 },
        { "row": 2, "col":  1, "x":     1, "y": 2.375 },
        { "row": 2, "col":  2, "x":     2, "y": 2.125 },
        { "row": 2, "col":  3, "x":     3, "y":     2 },
        { "row": 2, "col":  4, "x":     4, "y": 2.125 },
        { "row": 2, "col":  5, "x":     5, "y":  2.25 },
        
        { "row": 2, "col":  8, "x":     11, "y":  2.25 },
        { "row": 2, "col":  9, "x":    12, "y": 2.125 },
        { "row": 2, "col":  10, "x":    13, "y":     2 },
        { "row": 2, "col": 11, "x":    14, "y": 2.125 },
        { "row": 2, "col": 12, "x":    15, "y": 2.375 },
        { "row": 2, "col": 13, "x":    16, "y": 2.375 },

        { "row": 3, "col":  0, "x":     5, "y":  3.25 },
        { "row": 3, "col":  1, "x":     4, "y": 3.125 },
        { "row": 3, "col":  2, "x":     3, "y":     3 },
        { "row": 3, "col":  3, "x":     2, "y": 3.125 },
        { "row": 3, "col":  4, "x":     1, "y": 3.375 },
        { "row": 3, "col":  5, "x":     0, "y": 3.375 },
        { "row": 3, "col":  6, "x":  6.5, "y": 0, "r":  30, "rx":  -0.5, "ry": 2.75 },
        { "row": 3, "col":  7, "x":  13, "y": 3.5, "r":  -30, "rx":  12.75, "ry": 11 },
        { "row": 3, "col":  8, "x":     11, "y":  3.25 },
        { "row": 3, "col":  9, "x":    12, "y": 3.125 },
        { "row": 3, "col":  10, "x":    13, "y":     3 },
        { "row": 3, "col": 11, "x":    14, "y": 3.125 },
        { "row": 3, "col": 12, "x":    15, "y": 3.375 },
        { "row": 3, "col": 13, "x":    16, "y": 3.375 },
      
        { "row": 4, "col":  0, "x":  7.5, "y": 1, "r":  30, "rx":  -0.5, "ry": 2.75 },
        { "row": 4, "col":  1, "x":  6.5, "y": 1, "r":  30, "rx":  -0.5, "ry": 2.75 },
        { "row": 4, "col":  2, "x":  5, "y": 4.5, "r":   0 },
        { "row": 4, "col":  3, "x":  4, "y": 4.5, "r":   0 },
        { "row": 4, "col":  4, "x":  3, "y": 4.5, "r":   0 },
        { "row": 4, "col":  5, "x":  2, "y": 4.5, "r":   0 },
        

        { "row": 4, "col":  8, "x":  12, "y": 4.5, "r":  -30, "rx":  12.75, "ry": 11 },
        { "row": 4, "col":  9, "x":  13, "y": 4.5, "r":  -30, "rx":  12.75, "ry": 11 },
        { "row": 4, "col":  10, "x": 11, "y": 4.5 },
        { "row": 4, "col":  11, "x": 12, "y": 4.5 },
        { "row": 4, "col":  12, "x": 13, "y": 4.5 },
        { "row": 4, "col":  13, "x": 14, "y": 4.5 }       
      ]
    }
  },
  "sensors": []
}